decile,mean_score,pred_bad,actual_bad,n
0,533.1647887323944,0.17300704072683748,0.11408450704225352,710
1,549.1659973226239,0.10464171681089918,0.08835341365461848,747
2,557.0187861271677,0.08163251617834717,0.08670520231213873,692
3,563.5829725829726,0.06609117285827405,0.06637806637806638,693
4,569.0557275541796,0.05527816755324705,0.05108359133126935,646
5,574.444887118194,0.0463183630006869,0.057104913678618856,753
6,580.3844936708861,0.03803057220968844,0.03164556962025317,632
7,587.4281690140845,0.030077334155196908,0.03380281690140845,710
8,596.5014880952381,0.022197272964073284,0.019345238095238096,672
9,614.6153846153846,0.012581642278731065,0.018867924528301886,689
