app_month,row_count,row_count_change,duplicate_app_id,missing_rate,invalid_month,negative_turnover,negative_loan,invalid_ratio,category_anomaly,status
2023-07,1488,-0.19719449689776103,0,0.0,0,0,0,0,0,AMBER
2023-08,1673,-0.0973833288373348,0,0.0,0,0,0,0,0,GREEN
2023-09,1570,-0.15295387105476121,0,0.0,0,0,0,0,0,AMBER
2023-10,1598,-0.1378473158888589,0,0.0,0,0,0,0,0,GREEN
2023-11,1752,-0.05476126247639601,0,0.0,0,0,0,0,0,GREEN
2023-12,1861,0.004046398705152443,0,0.0,0,0,0,0,0,GREEN
2024-01,1844,-0.00512543835985968,0,0.0,0,0,0,0,0,GREEN
2024-02,1851,-0.0013487995683841847,0,0.0,0,0,0,0,0,GREEN
2024-03,1620,-0.12597787968707852,0,0.0,0,0,0,0,0,GREEN
2024-04,1648,-0.1108713245211762,0,0.0,0,0,0,0,0,GREEN
2024-05,1913,0.032101429727542596,0,0.0,0,0,0,0,0,GREEN
2024-06,1883,0.015915834906932824,0,0.0,0,0,0,0,0,GREEN
2024-07,1949,0.05152414351227397,0,0.0,0,0,0,0,0,GREEN
2024-08,1753,-0.05422174264904234,0,0.0,0,0,0,0,0,GREEN
2024-09,1856,0.0013487995683840737,0,0.0,0,0,0,0,0,GREEN
2024-10,1874,0.011060156460749981,0,0.0,0,0,0,0,0,GREEN
2024-11,1973,0.0644726193687617,0,0.0,0,0,0,0,0,GREEN
2024-12,1761,-0.04990558403021306,0,0.0,0,0,0,0,0,GREEN
