,iv
monthly_turnover,0.13926325312065582
emi_to_turnover,0.09685558564100413
turnover_vs_sector,0.09662322189293497
loan_to_turnover,0.09563465496492099
cib_overdue,0.06726787618112626
inflow_volatility,0.040539061228565924
collateral_ratio,0.039912207513239914
business_age,0.037276977415638624
sector,0.03271782072683704
existing_loans,0.017853754815026716
digital_txn_share,0.014823674911231764
tenure_months,0.013619617707355704
region,0.009519934338993292
has_trade_license,0.0014801653313108116
owner_age,0.00017795755057192493
