model,period,n,auc,gini,ks,brier
Scorecard (champion),dev,18434,0.7036288181531153,0.4072576363062306,0.29668125266444034,0.05739874224823226
Scorecard + reject inference,dev,18434,0.7038470690159643,0.40769413803192855,0.295851229813826,
GBM benchmark,dev,18434,0.7697668546112005,0.5395337092224011,0.402181888289923,0.055432965343831464
Scorecard (champion),oot,6944,0.6621396884112496,0.3242793768224992,0.24175947891118166,0.053310605537115856
Scorecard + reject inference,oot,6944,0.6621251371361943,0.3242502742723885,0.2434669561604546,
GBM benchmark,oot,6944,0.6741827831611114,0.3483655663222227,0.2695696460402343,0.05321657084299666
Scorecard (champion),monitor,11573,0.667978978688685,0.3359579573773701,0.23468072545897484,0.07146575202490708
Scorecard + reject inference,monitor,11573,0.6674355512024612,0.33487110240492246,0.23500801816464384,
GBM benchmark,monitor,11573,0.6684356685414561,0.33687133708291217,0.24908616431390834,0.07160716512374711
