app_month,variable,char_psi,csi_points
2023-07,monthly_turnover,0.005786637454954298,-0.09032919818783458
2023-07,emi_to_turnover,0.006913260240109492,0.13087784351580245
2023-07,cib_overdue,0.0002588709430627968,-0.20115826806830506
2023-07,inflow_volatility,0.004580541870722455,0.24194413656132052
2023-07,collateral_ratio,0.006293317150214514,0.3045884883702466
2023-07,business_age,0.005654203295475874,0.4973734070046918
2023-07,sector,0.003428937953128936,-0.0012984267357800672
2023-08,monthly_turnover,0.0015144814430107943,0.03096747640870967
2023-08,emi_to_turnover,0.005850049019436841,-0.06761642146213465
2023-08,cib_overdue,0.000521097936231144,-0.2864960281122549
2023-08,inflow_volatility,0.0046772668778826115,0.31690905567566796
2023-08,collateral_ratio,0.004794007176278656,-0.1026099919334249
2023-08,business_age,0.0041429550323483335,0.37976252016801904
2023-08,sector,0.003921329683130685,-0.08170107081920541
2023-09,monthly_turnover,0.0023731856683009245,-0.008295920625446207
2023-09,emi_to_turnover,0.0037277419695911753,0.4492400640859391
2023-09,cib_overdue,0.00013569637794526713,-0.14527013204050895
2023-09,inflow_volatility,0.0009352635939561968,0.0658212206226003
2023-09,collateral_ratio,0.0022085368728305067,0.018756095904603504
2023-09,business_age,0.0026388022084466974,-0.04110429644242394
2023-09,sector,0.001542372979934143,-0.06815042298524965
2023-10,monthly_turnover,0.0024912535918175985,0.04475557246657827
2023-10,emi_to_turnover,0.002678864688422706,-0.16645514078922874
2023-10,cib_overdue,2.5252893076286712e-05,-0.06242932823052548
2023-10,inflow_volatility,0.002791180851521815,-0.20574651085533363
2023-10,collateral_ratio,0.009761773501203486,0.3027742943573246
2023-10,business_age,0.0013701080700898485,0.08955241144510856
2023-10,sector,0.0013370882900505135,-0.12519308167006116
2023-11,monthly_turnover,0.003222732283574368,-0.2989809781443852
2023-11,emi_to_turnover,0.0031656394639204403,0.1150247858948561
2023-11,cib_overdue,1.326859973229387e-05,-0.045216552201791466
2023-11,inflow_volatility,0.0018400179660752404,-0.1015488549594048
2023-11,collateral_ratio,0.002957490703861005,0.003740531574061373
2023-11,business_age,0.0029972154185678463,0.11725896139846115
2023-11,sector,0.0012171026533868677,0.010544465852390161
2023-12,monthly_turnover,0.0032411462664881435,0.12239597611573061
2023-12,emi_to_turnover,0.0025256804009845452,0.2127679157448117
2023-12,cib_overdue,4.241330731256988e-05,-0.08097631346744892
2023-12,inflow_volatility,0.003858956046384854,0.04919502651829802
2023-12,collateral_ratio,0.002333730486476532,0.03763949960846735
2023-12,business_age,0.004220366251514918,0.01648586340751046
2023-12,sector,0.0011618276022971284,0.06879026163019653
2024-01,monthly_turnover,0.003555885853748935,-0.0787698261884684
2024-01,emi_to_turnover,0.0026530551057922765,-0.07429548458260576
2024-01,cib_overdue,0.00022139016484458695,-0.1858981840008351
2024-01,inflow_volatility,0.006027891180613764,-0.566786853351744
2024-01,collateral_ratio,0.0019797196835275536,-0.009153488401660359
2024-01,business_age,0.0051215657187879205,0.2762309387649415
2024-01,sector,0.00034869602054765197,-0.023636534080940352
2024-02,monthly_turnover,0.007797302874273524,-0.9485697515028048
2024-02,emi_to_turnover,0.001356634523012848,0.12141002072008766
2024-02,cib_overdue,0.0003984763445563326,-0.2501237339871106
2024-02,inflow_volatility,0.011688418401189003,-0.6315081765997018
2024-02,collateral_ratio,0.0031263351538462405,-0.06833681083176779
2024-02,business_age,0.0029943570292519737,0.22961435236110644
2024-02,sector,0.002722046292097689,-0.13351960840329924
2024-03,monthly_turnover,0.001361919591722497,-0.2580301004799811
2024-03,emi_to_turnover,0.002453775026504778,0.26226401054953874
2024-03,cib_overdue,0.0028443963952446394,-0.6807630828605383
2024-03,inflow_volatility,0.023900156687427725,-1.1347814822455708
2024-03,collateral_ratio,0.004314265534319,-0.14361454619967395
2024-03,business_age,0.0013691969548597501,0.07671810449162578
2024-03,sector,0.002150403726613611,0.09899653478061454
2024-04,monthly_turnover,0.003563809943989174,-0.6230167142693881
2024-04,emi_to_turnover,0.00500756059825423,0.3078153318593813
2024-04,cib_overdue,0.002162250303480199,-0.5913374717493067
2024-04,inflow_volatility,0.040439925733685204,-1.5195200574022039
2024-04,collateral_ratio,0.007409211836686479,0.21200793898309755
2024-04,business_age,0.0013675929710312504,0.0475113207057892
2024-04,sector,0.002682055761815591,-0.055813951651654925
2024-05,monthly_turnover,0.016861616339447945,-1.6588751560495156
2024-05,emi_to_turnover,0.0036772862805172276,-0.45813563572752214
2024-05,cib_overdue,0.003434023717960063,-0.7501364529149092
2024-05,inflow_volatility,0.05273334736200877,-1.7218119883105185
2024-05,collateral_ratio,0.004075670158249063,0.08538578534354913
2024-05,business_age,0.0022581537539668106,0.06052675093634885
2024-05,sector,0.00217375649037861,0.17076851043844576
2024-06,monthly_turnover,0.014275102907435106,-1.397205581466621
2024-06,emi_to_turnover,0.006529208380960586,-0.6714776934069733
2024-06,cib_overdue,0.009022281561825257,-1.2394010480830102
2024-06,inflow_volatility,0.062012083308991814,-1.8725406367697666
2024-06,collateral_ratio,0.0035767604052413587,0.09529319292877914
2024-06,business_age,0.004543242223066677,0.21838548345112618
2024-06,sector,0.0013458189811158523,-0.11916253687654893
2024-07,monthly_turnover,0.02032667701564625,-1.61971565493606
2024-07,emi_to_turnover,0.005816526262592887,0.05275064940949137
2024-07,cib_overdue,0.008727753763690305,-1.2180241876615219
2024-07,inflow_volatility,0.08377001029834216,-2.251233672197645
2024-07,collateral_ratio,0.004865483082910828,0.1348796633770537
2024-07,business_age,0.0010600657461353447,-0.06618703310309176
2024-07,sector,0.0025290526923492235,-0.10556024033779754
2024-08,monthly_turnover,0.01987876643086612,-1.8302296526137058
2024-08,emi_to_turnover,0.004280395565968485,0.057483193822083556
2024-08,cib_overdue,0.013279510780175205,-1.5191501798341014
2024-08,inflow_volatility,0.10988481288994748,-2.539670498591172
2024-08,collateral_ratio,0.0019085206533156784,0.17125937007225478
2024-08,business_age,0.0007984407214618645,0.14365585861265118
2024-08,sector,0.0007859991360093425,0.07486493615437545
2024-09,monthly_turnover,0.04020238516250807,-2.5847100103321736
2024-09,emi_to_turnover,0.004448073503113399,-0.01714827388644813
2024-09,cib_overdue,0.031016810762906924,-2.3905775420697815
2024-09,inflow_volatility,0.16951146342139212,-3.192886997078757
2024-09,collateral_ratio,0.0026486539760534103,-0.012787719804836173
2024-09,business_age,0.005045250506968761,-0.104974787566254
2024-09,sector,0.0004725037628900323,0.08553321187677182
2024-10,monthly_turnover,0.04815542275265769,-2.9732999061825867
2024-10,emi_to_turnover,0.003926653946451177,0.29753156548111837
2024-10,cib_overdue,0.017809291779264932,-1.7751682338308412
2024-10,inflow_volatility,0.16452792459977555,-3.13995406408851
2024-10,collateral_ratio,0.004020434190442253,0.17359798525056164
2024-10,business_age,0.002716592132077216,-0.25595390496133374
2024-10,sector,0.0008092101018003841,0.036337553052322
2024-11,monthly_turnover,0.05624368183484164,-2.9863285571550966
2024-11,emi_to_turnover,0.0031293033852829513,0.18461482932468387
2024-11,cib_overdue,0.016544997664792328,-1.706963063204856
2024-11,inflow_volatility,0.235535277211656,-3.7032365507532177
2024-11,collateral_ratio,0.0042229274101547734,0.19283981586905852
2024-11,business_age,0.0009625175573633119,0.19473321804310928
2024-11,sector,0.004146071094874815,-0.08318954691143476
2024-12,monthly_turnover,0.05677311729541837,-3.055916511367984
2024-12,emi_to_turnover,0.0014610091876505306,0.3162016501880043
2024-12,cib_overdue,0.03495906305373497,-2.550598731356357
2024-12,inflow_volatility,0.23517466994135267,-3.7221357169693903
2024-12,collateral_ratio,0.005094622698998322,0.14143597107056993
2024-12,business_age,0.0016152800717747888,0.13913619524293136
2024-12,sector,0.006180522451113009,0.08977146397590685
