app_month,n_apps,psi,mean_score,legacy_approval_rate,pred_bad,actual_bad,gini,ks,gini_roll3,cal_ratio,cal_ratio_roll3,status
2023-07,1488,0.010261873104447782,563.5087365591398,0.7251344086021505,0.06484658964960764,0.0639481000926784,0.21389008466063997,0.1945616300760511,0.21389008466063997,0.9861443822753958,0.9861443822753958,GREEN
2023-08,1673,0.0037401278479361824,562.8081291093844,0.6867901972504483,0.06184170953260062,0.053959965187119235,0.369899397572484,0.3012137579012969,0.2906733355902835,0.8725497014061938,0.9289093974643071,GREEN
2023-09,1570,0.0025069470105034586,562.8783439490446,0.6878980891719745,0.06286954869275505,0.06481481481481481,0.31615275813295596,0.2431400282885432,0.29911113886633767,1.0309413088292765,0.962069076539191,GREEN
2023-10,1598,0.00444743650776282,562.4924906132666,0.6902377972465582,0.06467499250408376,0.04986400725294651,0.33872310895211655,0.25378209576682853,0.3398382969317224,0.770993630185546,0.8892407658532494,GREEN
2023-11,1752,0.005108437591679178,562.4041095890411,0.6940639269406392,0.06449605280328888,0.05180921052631579,0.33081402552347905,0.27439805063395695,0.32681871492277215,0.803292733034879,0.863721198547454,GREEN
2023-12,1861,0.008547558270207279,563.0456743686191,0.707684040838259,0.06390872647962283,0.060744115413819286,0.3725343573160873,0.28826798706548096,0.350053766284133,0.9504823325369726,0.8464015824190406,GREEN
2024-01,1844,0.009500424207247634,561.9517353579175,0.6697396963123644,0.06394326786304365,0.05020242914979757,0.3243819266837169,0.25638698677226857,0.3460101449176154,0.7851089071225328,0.8486331232933001,GREEN
2024-02,1851,0.010501323201441894,560.9394921663966,0.640194489465154,0.06305177574126289,0.06329113924050633,0.37867867867867866,0.31081081081081074,0.3613885106828656,1.00379630068193,0.9123240493116556,GREEN
2024-03,1620,0.006754854988385291,560.8382716049383,0.6185185185185185,0.06455409318389106,0.07285429141716566,0.4136573425542267,0.3630800536738576,0.3748710193915674,1.1285774119641083,0.9616727987983423,GREEN
2024-04,1648,0.011540585218333862,560.3786407766991,0.6031553398058253,0.06193032016692971,0.08450704225352113,0.3177394034536889,0.2483516483516484,0.3663456928707569,1.3645503854289325,1.15446840004803,AMBER
2024-05,1913,0.027899858721150493,558.3387349712493,0.5776267642446419,0.06436506338295761,0.08144796380090498,0.34413793103448254,0.27257799671592775,0.35419852526037743,1.2654064102494231,1.251486237097157,AMBER
2024-06,1883,0.03948304081527555,557.6367498672331,0.5416887944768985,0.06354178600930029,0.06666666666666667,0.15336134453781525,0.14075630252100846,0.280325292933123,1.049178357323935,1.2253489971587175,AMBER
2024-07,1949,0.03824488368813114,557.5484864032837,0.5141097998973833,0.06248645538027651,0.08682634730538923,0.3689843602788767,0.26621443376672316,0.29861207494795283,1.3895226857882463,1.2339619879146615,AMBER
2024-08,1753,0.04414251593048683,557.1762692527096,0.49286936679977184,0.06181193103438923,0.10069444444444445,0.3663959526028491,0.257311498690809,0.30291256673459954,1.6290454408942965,1.3382767844783015,RED
2024-09,1856,0.099577015433285,554.3987068965517,0.44396551724137934,0.06293415693449297,0.07402912621359223,0.4146273338633093,0.3247749393034398,0.37776660744464197,1.176294874191257,1.3998537312119677,RED
2024-10,1874,0.08100016680730411,554.974386339381,0.4439701173959445,0.06263957533058989,0.10576923076923077,0.2851753421309873,0.22910557184750735,0.3472776722372286,1.6885368428987195,1.4995611203703998,RED
2024-11,1973,0.08304541432901472,554.6943740496705,0.4156107450582869,0.06186297907430401,0.09024390243902439,0.4029961596985725,0.323889573219332,0.35986298288878427,1.4587707186010532,1.4414855616963367,RED
2024-12,1761,0.09963926395868421,553.9806927881885,0.39182282793867124,0.06156635274606712,0.11304347826086956,0.29390816155522037,0.22662141779788836,0.32509118300031736,1.8361243312093198,1.651475921948077,RED
