vintage,mob,n_loans,rate_30p,rate_90p
2022Q1,1,2960,0.0,0.0
2022Q1,2,2960,0.02195945945945946,0.0
2022Q1,3,2960,0.039527027027027026,0.0
2022Q1,4,2960,0.05405405405405406,0.006756756756756757
2022Q1,5,2960,0.061824324324324324,0.01418918918918919
2022Q1,6,2960,0.07398648648648648,0.024662162162162164
2022Q1,7,2960,0.07972972972972973,0.030743243243243245
2022Q1,8,2960,0.0891891891891892,0.03783783783783784
2022Q1,9,2960,0.09898648648648649,0.04391891891891892
2022Q1,10,2960,0.10236486486486486,0.05202702702702703
2022Q1,11,2960,0.10405405405405406,0.0597972972972973
2022Q1,12,2960,0.09662162162162162,0.06689189189189189
2022Q2,1,2923,0.0,0.0
2022Q2,2,2923,0.027711255559356825,0.0
2022Q2,3,2923,0.04344851180294218,0.0
2022Q2,4,2923,0.05371193978788916,0.010263427984946972
2022Q2,5,2923,0.06500171057133082,0.019842627437564146
2022Q2,6,2923,0.0742387957577831,0.028395484091686622
2022Q2,7,2923,0.08655490933971946,0.03421142661648991
2022Q2,8,2923,0.08929182346903866,0.041053711939787886
2022Q2,9,2923,0.09647622305850154,0.04858022579541567
2022Q2,10,2923,0.10331850838179953,0.05336982552172426
2022Q2,11,2923,0.10434485118029421,0.06329113924050633
2022Q2,12,2923,0.10537119397878891,0.06842285323297982
2022Q3,1,3009,0.0,0.0
2022Q3,2,3009,0.023928215353938187,0.0
2022Q3,3,3009,0.037221668328348285,0.0
2022Q3,4,3009,0.05583250249252243,0.008308408109006314
2022Q3,5,3009,0.06547025589896975,0.01296111665004985
2022Q3,6,3009,0.06945829179129279,0.02459288800265869
2022Q3,7,3009,0.07577268195413758,0.030574941841143236
2022Q3,8,3009,0.08707211698238618,0.037221668328348285
2022Q3,9,3009,0.09405117979395147,0.0448654037886341
2022Q3,10,3009,0.09637753406447325,0.0518444666001994
2022Q3,11,3009,0.0910601528747092,0.05948820206048521
2022Q3,12,3009,0.1023595879029578,0.06347623795280824
2022Q4,1,3019,0.0,0.0
2022Q4,2,3019,0.022192779065915866,0.0
2022Q4,3,3019,0.03544219940377608,0.0
2022Q4,4,3019,0.04935409075852931,0.004968532626697582
2022Q4,5,3019,0.05730374296124544,0.013249420337860219
2022Q4,6,3019,0.06757204372308712,0.020536601523683338
2022Q4,7,3019,0.07717787346803577,0.02848625372639947
2022Q4,8,3019,0.08777740973832394,0.033123550844650546
2022Q4,9,3019,0.08810864524677045,0.041073203047366676
2022Q4,10,3019,0.09837694600861212,0.049022855250082806
2022Q4,11,3019,0.09837694600861212,0.05366015236833389
2022Q4,12,3019,0.09506459092414707,0.06194104007949652
2023Q1,1,3289,0.0,0.0
2023Q1,2,3289,0.01945880206749772,0.0
2023Q1,3,3289,0.028884159318941928,0.0
2023Q1,4,3289,0.04530252356339313,0.004256612952265126
2023Q1,5,3289,0.05624809972636059,0.010337488598358164
2023Q1,6,3289,0.05928853754940711,0.018850714502888416
2023Q1,7,3289,0.07509881422924901,0.025539677713590756
2023Q1,8,3289,0.0802675585284281,0.030404378230465188
2023Q1,9,3289,0.09182122225600486,0.03678929765886288
2023Q1,10,3289,0.09607783520826998,0.044694435998783824
2023Q1,11,3289,0.09759805411979325,0.052599574338704776
2023Q1,12,3289,0.09212526603830952,0.06020066889632107
2023Q2,1,3234,0.0,0.0
2023Q2,2,3234,0.02257266542980829,0.0
2023Q2,3,3234,0.04019789734075448,0.0
2023Q2,4,3234,0.05225726654298083,0.006184291898577613
2023Q2,5,3234,0.05689548546691404,0.012987012987012988
2023Q2,6,3234,0.06679035250463822,0.0191713048855906
2023Q2,7,3234,0.0782312925170068,0.026592455163883734
2023Q2,8,3234,0.08719851576994433,0.034013605442176874
2023Q2,9,3234,0.0878169449598021,0.04112554112554113
2023Q2,10,3234,0.09709338280766852,0.049474335188620905
2023Q2,11,3234,0.09925788497217068,0.055349412492269635
2023Q2,12,3234,0.09338280766852196,0.06277056277056277
2023Q3,1,3308,0.0,0.0
2023Q3,2,3308,0.02539298669891173,0.0
2023Q3,3,3308,0.040810157194679564,0.0
2023Q3,4,3308,0.05380894800483676,0.006650544135429262
2023Q3,5,3308,0.060459492140266025,0.013905683192261185
2023Q3,6,3308,0.07013301088270858,0.02085852478839178
2023Q3,7,3308,0.07255139056831923,0.0281136638452237
2023Q3,8,3308,0.0804111245465538,0.035973397823458285
2023Q3,9,3308,0.08827085852478839,0.04050785973397823
2023Q3,10,3308,0.09068923821039904,0.0471584038694075
2023Q3,11,3308,0.09492140266021766,0.05501813784764208
2023Q3,12,3308,0.09552599758162031,0.06076178960096735
2023Q4,1,3636,0.0,0.0
2023Q4,2,3636,0.023652365236523653,0.0
2023Q4,3,3636,0.033003300330033,0.0
2023Q4,4,3636,0.04565456545654566,0.005225522552255226
2023Q4,5,3636,0.05473047304730473,0.009900990099009901
2023Q4,6,3636,0.06463146314631463,0.014026402640264026
2023Q4,7,3636,0.06930693069306931,0.021177117711771175
2023Q4,8,3636,0.07783278327832784,0.02832783278327833
2023Q4,9,3636,0.08855885588558855,0.03547854785478548
2023Q4,10,3636,0.09048404840484048,0.0429042904290429
2023Q4,11,3636,0.08938393839383939,0.04785478547854786
2023Q4,12,3636,0.08938393839383939,0.054455445544554455
2024Q1,1,3422,0.0,0.0
2024Q1,2,3422,0.02571595558153127,0.0
2024Q1,3,3422,0.03711279953243717,0.0
2024Q1,4,3422,0.049094097019286964,0.00847457627118644
2024Q1,5,3422,0.06049094097019287,0.014611338398597311
2024Q1,6,3422,0.06662770309760374,0.021332554061952076
2024Q1,7,3422,0.07539450613676213,0.028345996493278784
2024Q1,8,3422,0.08386908240794856,0.03389830508474576
2024Q1,9,3422,0.08854471069549971,0.040619520748100525
2024Q1,10,3422,0.09497369959088252,0.046171829339567504
2024Q1,11,3422,0.09848042080654588,0.055230859146697835
2024Q1,12,3422,0.09935710111046171,0.061367621274108705
2024Q2,1,3119,0.0,0.0
2024Q2,2,3119,0.029496633536389868,0.0
2024Q2,3,3119,0.04039756332157743,0.0
2024Q2,4,3119,0.05386341776210324,0.011862776530939404
2024Q2,5,3119,0.0647643475472908,0.018595703751202307
2024Q2,6,3119,0.07374158384097468,0.024687399807630652
2024Q2,7,3119,0.08881051619108689,0.03302340493747996
2024Q2,8,3119,0.09233728759217698,0.04296248797691568
2024Q2,9,3119,0.0955434434113498,0.05354280218018596
2024Q2,10,3119,0.10836806668804104,0.0596344982366143
2024Q2,11,3119,0.11253606925296569,0.06797050336646361
2024Q2,12,3119,0.110612375761462,0.07758897082398204
2024Q3,1,2690,0.0,0.0
2024Q3,2,2690,0.026394052044609664,0.0
2024Q3,3,2690,0.046468401486988845,0.0
2024Q3,4,2690,0.06022304832713755,0.010780669144981412
2024Q3,5,2690,0.07434944237918216,0.020074349442379184
2024Q3,6,2690,0.07881040892193308,0.02825278810408922
2024Q3,7,2690,0.09516728624535316,0.03977695167286245
2024Q3,8,2690,0.09925650557620817,0.04684014869888476
2024Q3,9,2690,0.11449814126394052,0.05724907063197026
2024Q3,10,2690,0.12527881040892194,0.0654275092936803
2024Q3,11,2690,0.12565055762081784,0.07769516728624536
2024Q3,12,2690,0.120817843866171,0.08736059479553904
2024Q4,1,2342,0.0,0.0
2024Q4,2,2342,0.032877882152006835,0.0
2024Q4,3,2342,0.053800170794193,0.0
2024Q4,4,2342,0.0713065755764304,0.014944491887275833
2024Q4,5,2342,0.08198121263877028,0.028181041844577284
2024Q4,6,2342,0.0982066609735269,0.03842869342442357
2024Q4,7,2342,0.11058923996584116,0.04910333048676345
2024Q4,8,2342,0.1157130657557643,0.05892399658411614
2024Q4,9,2342,0.12894961571306576,0.07045260461144322
2024Q4,10,2342,0.13877028181041845,0.0802732707087959
2024Q4,11,2342,0.13023057216054654,0.0888129803586678
2024Q4,12,2342,0.13578138343296328,0.10247651579846286
