cohort_year,from_bucket,to_bucket,n,rate
2022,0,0,103608,0.9252036005143592
2022,0,1,8376,0.0747963994856408
2022,1,0,5797,0.5489063535650033
2022,1,1,1579,0.14951235678439542
2022,1,2,3185,0.30158128965060127
2022,2,0,1124,0.315996626370537
2022,2,1,545,0.15321900477930842
2022,2,2,398,0.11189204385718302
2022,2,3,1490,0.41889232499297163
2022,3,0,327,0.19269298762522097
2022,3,2,262,0.15439010017678256
2022,3,3,332,0.19563936358279316
2022,3,4,776,0.4572775486152033
2023,0,0,117640,0.9249300248451112
2023,0,1,9548,0.07506997515488882
2023,1,0,6657,0.5535046146171115
2023,1,1,1827,0.15190820653529558
2023,1,2,3543,0.2945871788475929
2023,2,0,1295,0.3202274975272008
2023,2,1,664,0.1641938674579624
2023,2,2,510,0.1261127596439169
2023,2,3,1575,0.38946587537091987
2023,3,0,338,0.18935574229691876
2023,3,2,311,0.1742296918767507
2023,3,3,336,0.18823529411764706
2023,3,4,800,0.4481792717086835
2024,0,0,99194,0.9228980005768461
2024,0,1,8287,0.07710199942315386
2024,1,0,5741,0.5419105153860676
2024,1,1,1600,0.15102888427411743
2024,1,2,3253,0.30706060033981497
2024,2,0,1067,0.2929708951125755
2024,2,1,561,0.15403624382207579
2024,2,2,407,0.11175178473366282
2024,2,3,1607,0.4412410763316859
2024,3,0,297,0.16273972602739725
2024,3,2,254,0.13917808219178082
2024,3,3,347,0.19013698630136985
2024,3,4,927,0.5079452054794521
