variable,bin,n,bad_rate,woe,iv,points
monthly_turnover,"[-inf, 2.264e+05)",1844,0.11171366594360087,-0.6112465206682736,0.04889859311639599,58.9
monthly_turnover,"[2.264e+05, 3.054e+05)",1843,0.08735756918068367,-0.33895165754988377,0.013330812716064958,68.6
monthly_turnover,"[3.054e+05, 5.476e+05)",5530,0.0674502712477396,-0.05719333603352063,0.0010059011129840611,78.6
monthly_turnover,"[5.476e+05, 7.824e+05)",3687,0.05695687550854353,0.12210069426910648,0.002827521725853596,85.0
monthly_turnover,"[7.824e+05, 9.715e+05)",1843,0.049376017362995114,0.2699770702212142,0.006485624251925115,90.3
monthly_turnover,"[9.715e+05, 1.337e+06)",1843,0.04774823657080846,0.30502386718854774,0.008155720235237194,91.6
monthly_turnover,"[1.337e+06, inf)",1844,0.026030368763557483,0.9295492322040805,0.0585590799621949,113.9
emi_to_turnover,"[-inf, 0.06035)",1844,0.037418655097613884,0.5584225156230691,0.02457813473985536,101.9
emi_to_turnover,"[0.06035, 0.08043)",1843,0.041779706999457406,0.4443894462505717,0.01631717280279243,97.6
emi_to_turnover,"[0.08043, 0.1005)",1843,0.05208898534997287,0.21431038157369817,0.004185347640417229,88.8
emi_to_turnover,"[0.1005, 0.12)",1844,0.05477223427331887,0.16150298344453687,0.002432870877617551,86.8
emi_to_turnover,"[0.12, 0.1397)",1843,0.05805751492132393,0.10004794042708448,0.0009582550591600972,84.5
emi_to_turnover,"[0.1397, 0.187)",3687,0.06455112557634933,-0.010472822531559442,2.2034023809483078e-05,80.3
emi_to_turnover,"[0.187, 0.275)",3686,0.08138903960933261,-0.25998361950963084,0.015144475779981183,70.8
emi_to_turnover,"[0.275, inf)",1844,0.10249457700650759,-0.514618751724507,0.033217294717370796,61.1
cib_overdue,0,17358,0.05928102315935015,0.07944232167762011,0.00574050095992937,83.9
cib_overdue,1,1076,0.137546468401487,-0.8514722963067146,0.06152737522119689,45.9
inflow_volatility,"[-inf, 0.151)",1837,0.04790419161676647,0.3016001833878035,0.007959337271134449,92.2
inflow_volatility,"[0.151, 0.216)",1845,0.04878048780487805,0.28267656849655115,0.007079288843439697,91.5
inflow_volatility,"[0.216, 0.339)",5498,0.05711167697344489,0.11996203145178218,0.004073353358131932,85.3
inflow_volatility,"[0.339, 0.416)",3685,0.06594301221166893,-0.033646288325889874,0.0002296262773758486,79.4
inflow_volatility,"[0.416, 0.463)",1858,0.073735199138859,-0.15515521073410296,0.0025972481313603787,74.7
inflow_volatility,"[0.463, 0.529)",1853,0.07555315704263357,-0.18139672386519234,0.0035815802090567255,73.7
inflow_volatility,"[0.529, inf)",1858,0.08880516684607104,-0.3569010989653464,0.015018627138066898,67.0
collateral_ratio,"[-inf, 0.3)",1803,0.08319467554076539,-0.28540163595640994,0.009030219411532913,69.5
collateral_ratio,"[0.3, 0.68)",3591,0.07463102199944305,-0.16616527465660988,0.005783518404355935,74.2
collateral_ratio,"[0.68, 0.81)",1848,0.07196969696969698,-0.12872969973112663,0.0017576621813675053,75.6
collateral_ratio,"[0.81, 0.94)",1835,0.0681198910081744,-0.06985283834350607,0.0005008202546192672,77.9
collateral_ratio,"[0.94, 1.07)",1910,0.061780104712041886,0.03436552770926268,0.00012055861142873976,82.0
collateral_ratio,"[1.07, 1.35)",3690,0.055284552845528454,0.15399758698888197,0.004439565365785969,86.7
collateral_ratio,"[1.35, 1.58)",1900,0.05157894736842105,0.22478523679173398,0.0047254954952790015,89.5
collateral_ratio,"[1.58, inf)",1857,0.04361873990306947,0.39970931102493795,0.013554367788870588,96.4
business_age,"[-inf, 3)",3682,0.07930472569255839,-0.23260923172572281,0.011966467419179417,71.6
business_age,"[3, 3.7)",1759,0.07674815235929505,-0.19889353238830904,0.004119315249918322,72.9
business_age,"[3.7, 4.4)",1720,0.07267441860465117,-0.14024056003124885,0.001951695128113261,75.2
business_age,"[4.4, 5.3)",1978,0.06420626895854398,-0.007242211422522037,5.646754393898441e-06,80.4
business_age,"[5.3, 9.4)",5552,0.0569164265129683,0.12320812645126099,0.004333106664498552,85.5
business_age,"[9.4, inf)",3743,0.048624098316858134,0.2883096632181538,0.014900746199535176,92.0
sector,Agro,1373,0.0808448652585579,-0.25684255474469075,0.005501934923909498,75.0
sector,Manufacturing,4266,0.04617909048288795,0.3418697114318874,0.023341215916888043,88.3
sector,Services,5325,0.07042253521126761,-0.10468173563565221,0.0033136367174220094,78.4
sector,Trading,7470,0.06613119143239625,-0.036911638724537614,0.0005610331686174841,79.9
