segment_type,segment,n_apps,n_approved,approval_rate,actual_bad,predicted_bad,calibration_ratio,gini,ks,brier,status
sector,Agro,2222,763,0.34338433843384336,0.10222804718217562,0.07346630782843055,1.3914956420692022,0.29245742092457405,0.2404454426352236,0.08976159468862445,RED
sector,Manufacturing,4454,2900,0.6511001347103726,0.06758620689655172,0.0468046359717487,1.4440066778288114,0.3736622237652458,0.278325383407801,0.061479663190069374,RED
sector,Services,6210,3333,0.5367149758454106,0.07650765076507651,0.07192748379136214,1.0636775642951715,0.33540623526863644,0.2358139357107365,0.06820533609176463,GREEN
sector,Trading,9039,4577,0.5063613231552163,0.08695652173913043,0.06500785246009635,1.3376310468417147,0.3260205069376556,0.2364201962191912,0.07711724775874518,RED
region,Chattogram,4882,2667,0.5462925030725113,0.08511436070491189,0.06310520363735478,1.348769289994477,0.2970480970607352,0.21171372860547405,0.07582800368118464,RED
region,Dhaka,8241,4422,0.5365853658536586,0.07485300768882859,0.06392447358707042,1.1709600953830712,0.36441499688727963,0.2636987388867021,0.06684771567164682,AMBER
region,Khulna,3109,1586,0.5101318752010293,0.09457755359394704,0.06270697193867197,1.5082462231862321,0.3496564531104922,0.26774373259052925,0.08363242936881468,RED
region,Rajshahi,3093,1637,0.5292596184933721,0.07330482590103848,0.06328000420242845,1.158420054248753,0.37844979125466915,0.2854043067457701,0.06505123433880033,AMBER
region,Sylhet,2600,1261,0.485,0.07850911974623315,0.05951249540101124,1.3192039624152463,0.2633303777882092,0.20263738938437734,0.07145865192303873,RED
gender,F,3985,2130,0.534504391468005,0.07699530516431925,0.06339046997518961,1.2146195665445363,0.3131063444408606,0.25080639158375306,0.06897315591812991,AMBER
gender,M,17940,9443,0.526365663322185,0.08080059303187546,0.06290816269516902,1.2844214418311166,0.341117858803776,0.24049380628250122,0.07202799174824029,AMBER
